fecha,titulo,descripcion,contenido,url,fuente,score
2025-04-07,Bitcoin price falls amid tariff market rout,"Bitcoin, the world's largest cryptocurrency by market value, fell as global markets plunged amid tariff tensions.","The price of bitcoin (BTC-USD), the world's largest cryptocurrency by market value, was trading down around 5% on Monday morning as global markets plunged amid tariff tensions.
That level is off the lows from earlier on Monday morning.
CCC - CoinMark... [442 chars]",https://ca.finance.yahoo.com/news/bitcoin-price-falls-amid-tariff-market-rout-140926865.html,Yahoo Canada Finance,-0.53623253
2025-04-07,US crypto stocks plunge as bitcoin hits new 2025 low,"U.S.-listed shares of crypto companies tumbled before the markets opened on Monday, mirroring a sharp drop in bitcoin as escalating tariff tensions.","(Reuters) - U.S.-listed shares of crypto companies tumbled before the markets opened on Monday, mirroring a sharp drop in bitcoin as escalating tariff tensions and fears of a global trade war triggered a broad retreat from risk assets.
Bitcoin (BTC-U... [871 chars]",https://finance.yahoo.com/news/us-crypto-stocks-plunge-bitcoin-132956566.html,Yahoo Finance,-0.6378672
2025-04-05,SpaceX tourists return to Earth after historic flight,"Bitcoin investor Chun Wang took three people on board his private SpaceX flight, which went on a novel journey around the Earth's poles.","Four space tourists have safely arrived back on Earth after completing a novel space route on board one of Elon Musk's SpaceX capsules.
Bitcoin tycoon Chun Wang, who chartered the SpaceX flight, and three others splashed down off the Southern Califor... [3608 chars]",https://news.sky.com/story/spacex-tourists-return-to-earth-after-historic-flight-13342197,Sky News,0.6306357
2025-04-04,BlackRock buys $66M in Bitcoin amid market crash,BlackRock acquired $66 million in Bitcoin on the second day of stock market rout following President Donald Trump’s Liberation Day announcement of tariffs.,"The sell-off in the stock market didn’t cool down even on the second day following President Donald Trump’s announcement of global “reciprocal tariffs” on Apr. 2 dubbed the “Liberation Day.”
As China retaliated with reciprocal 34% tariffs on American... [1373 chars]",https://finance.yahoo.com/news/blackrock-buys-66m-bitcoin-amid-192206304.html,Yahoo Finance,-0.13790311
2025-04-04,Markets tumble as Trump launches ‘Unstoppable’ bitcoin venture,"Markets fell after Trump announced new tariffs. Meanwhile, his sons launched “American Bitcoin,” a mining venture, and Fidelity rolled out a crypto IRA to meet growing demand.","On April 3, markets worldwide dropped sharply after President Donald Trump announced major new tariffs. The Dow fell 2.7%, and the S&P 500 dropped 3.1%.
Bitcoin also took a hit, falling below $82,000 as investors pulled away from risky assets.
Coinba... [2134 chars]",https://finance.yahoo.com/news/markets-tumble-trump-launches-unstoppable-184407159.html,Yahoo Finance,-0.4893703
2025-04-02,"Bitcoin, Crypto Stocks Fall After Trump Tariff News",Bitcoin fell late Wednesday after President Donald Trump’s latest tariff announcement roiled markets.,"Chip Somodevilla / Getty Images President Trump in the Rose Garden of the White House on Wednesday.
Bitcoin fell late Wednesday after President Donald Trump’s latest tariff announcement roiled markets.
The leading cryptocurrency recently changed hand... [742 chars]",https://finance.yahoo.com/news/bitcoin-crypto-stocks-fall-trump-223959193.html,Yahoo Finance,-0.7260297
2025-04-02,Why Trump's tariffs could actually be good for bitcoin,"As the Trump Administration sets out tariff policy on “Liberation Day” Wednesday, many are pessimistic about the economy in general and crypto prices in particular. But there are strong reasons not to be, say analysts.","So far, crypto markets haven’t behaved as expected under the Trump Administration.
Investors hoped that regulatory reform and policies like a Bitcoin Strategic Reserve would drive prices appreciably higher. But it’s been the opposite. Bitcoin (BTC-US... [2448 chars]",https://finance.yahoo.com/news/why-trumps-tariffs-could-actually-012858464.html,Yahoo Finance,0.27301723
2025-04-01,"Grayscale Files To Convert $600 Million Crypto Fund Into ETF, Expanding Access to Bitcoin, Ethereum, and XRP",Grayscale Investments has filed to convert its private Digital Large Cap Fund into an exchange-traded fund (ETF).,"Grayscale Investments has filed to convert its private Digital Large Cap Fund into an exchange-traded fund (ETF), allowing public investors to access a portfolio that includes Bitcoin, Ethereum, XRP, Solana, and Cardano. Currently, the fund is only a... [2421 chars]",https://finance.yahoo.com/news/grayscale-files-convert-600-million-214725386.html,Yahoo Finance,0.18103899
2025-04-01,"Risk to Bitcoin Buying Plans Makes Strategy a Sell, Says Wall Street Analyst","Michael Saylor's perpetual capital raising machine could be nearing its limit, according to Monness, Crespi, Hardt & Co.","Although Strategy’s (MSTR) aggressive buying of bitcoin (BTC) has sent its shares soaring over 2,500% over the past five years, one analyst argues that the reverse could soon be the case.
“While we were negative on several respects upon initiation, w... [1075 chars]",https://finance.yahoo.com/news/risk-bitcoin-buying-plans-makes-162121418.html,Yahoo Finance,-0.34918636
2025-03-28,"Nobody expected it to rain bitcoin, but the federal budget had a big tech-shaped hole","Even though the tech sector had low expectations for this budget, there's something impressive about the fact that budget week still managed to genuinely surprise and worry even the most devoted realists in the tech economy.","No-one in the tech sector was expecting it to rain Bitcoin during budget week.
In the weeks leading up to the Treasurer's Tuesday speech and the traditional Thursday night sequel from Opposition Leader Peter Dutton, expectations were already hovering... [7670 chars]",https://www.abc.net.au/news/2025-03-29/federal-budget-2025-had-a-big-tech-shaped-hole/105104584,ABC News,-0.5092953
2025-03-27,GameStop slumps as its plan to sell debt to fund bitcoin purchases raises some questions,GameStop shares sunk Thursday after its plan to sell debt in an effort to fund purchases of bitcoin raised some questions on Wall Street. The video game retailer announced a private offering of $1.3 billion in debt.,"GameStop shares sunk Thursday after its plan to sell debt in an effort to fund purchases of bitcoin raised some questions on Wall Street. The video game retailer announced a private offering of $1.3 billion in debt.
GameStop shares sunk Thursday afte... [2183 chars]",https://www.vancouverisawesome.com/national-business/gamestop-slumps-as-its-plan-to-sell-debt-to-fund-bitcoin-purchases-raises-some-questions-10439525,Vancouver Is Awesome,-0.63434654
2025-03-27,GameStop slumps as its plan to sell debt to fund bitcoin purchases raises some questions,GameStop shares sunk Thursday after its plan to sell debt in an effort to fund purchases of bitcoin raised some questions on Wall Street. The video game retailer announced a private offering of $1.3 billion in debt.,"GameStop shares sunk Thursday after its plan to sell debt in an effort to fund purchases of bitcoin raised some questions on Wall Street.
The video game retailer announced a private offering of $1.3 billion in debt. The company said earlier this week... [1967 chars]",https://www.sootoday.com/national-business/gamestop-slumps-as-its-plan-to-sell-debt-to-fund-bitcoin-purchases-raises-some-questions-10439508,SooToday,-0.63434654
2025-03-26,GameStop Has $4 Billion To Spend On Bitcoin As Stores Close,The ailing GME meme stock retailer banks on crypto,"GameStop might be dying, but thanks to its unprecedented good fortunes as a meme stock, it still has a whopping $4 billion in cash reserves. The video game retail chain announced this week it now has a plan for what to do with it: plough it into Bitc... [2364 chars]",https://kotaku.com/gamestop-gme-bitcoin-meme-stock-close-stores-1851772455,Kotaku,0.094375364
2025-03-26,Bitcoin relief rally at risk of ‘bull trap’ as uncertainty weighs,"The world’s largest cryptocurrency climbed to a two-week high on Monday, but a lack of momentum and low volumes has some pundits concerned.","Bitcoin’s recent relief rally, which took the largest cryptocurrency to a two-week high on Monday, is at risk of being short-lived as broader market uncertainty continues to keep investors on the sidelines.
A lack of bullish momentum, low volumes and... [359 chars]",https://www.afr.com/markets/currencies/bitcoin-relief-rally-at-risk-of-bull-trap-as-uncertainty-weighs-20250326-p5lmqu,The Australian Financial Review,-0.30974758
2025-03-25,Bitcoin surges: How to invest through the ASX,Here are a couple of easy ways for Aussie investors to gain exposure to Bitcoin through the ASX...,"Wanting to gain exposure to the cryptocurrency? Check out these two options.
You’re reading a free article with opinions that may differ from The Motley Fool’s Premium Investing Services. Become a Motley Fool member today to get instant access to our... [2891 chars]",https://www.fool.com.au/2025/03/25/bitcoin-surges-how-to-invest-through-the-asx/,Motley Fool Australia,0.34999588
2025-03-23,They helped Trump take back the White House. The rewards have come swiftly.,"Trump’s return to power was achieved in part through an unorthodox coalition-building strategy. He courted groups who might’ve been overlooked by Republican candidates, like Bitcoin enthusiasts, making direct appeals with policy promises tailored to specific audiences. Many of them are benefiting now.","CNN —
David Bailey, a longtime Bitcoin investor and evangelist, had tempered expectations in early 2024 when he first pitched Donald Trump’s campaign on the political upside of embracing cryptocurrency. Even after Trump pledged over the summer to mak... [8601 chars]",https://edition.cnn.com/2025/03/23/politics/trump-campaign-pledges-rewards/index.html,Cable News Network,0.7724172
2025-03-21,Trump vows to make US 'undisputed Bitcoin superpower and crypto capital of the world',"President Donald Trump vowed to make America ""the undisputed Bitcoin superpower and the crypto capital of the world"" in remarks to the Blockworks Digital Assets Summit on Thursday.","President Donald Trump vowed to make America “the undisputed Bitcoin superpower and the crypto capital of the world” in remarks to the Blockworks Digital Assets Summit on Thursday.
A pre-recorded video address by Trump was played at the summit in New... [4466 chars]",https://nypost.com/2025/03/20/business/trump-vows-to-make-us-undisputed-bitcoin-superpower-and-crypto-capital-of-the-world/,New York Post,0.78521377
2025-03-18,DDC Announces Strategy to Create Bitcoin Reserves and Appoints Crypto Asset Expert Alex Yang as Strategic Advisor,"Press Release DDC Enterprise, Ltd. (NYSEAM: DDC), (“DayDayCook,” “DDC,” or the “Company”), a leading multi-brand Asian consumer food company, today announced a transformative initiative to adopt Bitcoin as part of its treasury reserves, alongside an announcement that…","Bitcoin reserve to be established with up to 100 BTC injection and premium-priced placement of DDC Class A Ordinary shares at $0.50 to $1.25 per share
NEW YORK–(BUSINESS WIRE)–March 18, 2025–
DDC Enterprise, Ltd. (NYSEAM: DDC), (“DayDayCook,” “DDC,” ... [5830 chars]",https://venturebeat.com/business/ddc-announces-strategy-to-create-bitcoin-reserves-and-appoints-crypto-asset-expert-alex-yang-as-strategic-advisor/,VentureBeat,0.113696665
2025-03-18,Trump’s ‘Strategic Bitcoin Reserve’ makes no sense,"The list of justifications for a government bitcoin stockpile is long, not because there are many good ones, but because there are none, so the schemes’ apologists must keep trying.","When bitcoin was invented in 2008, its anonymous (but certainly libertarian) inventors hoped it would rival official currencies, especially the US dollar. Instead of being regulated by governments, the quantity of bitcoin would be controlled by a dec... [6159 chars]",https://www.bostonglobe.com/2025/03/18/opinion/trump-strategic-bitcoin-reserve-cryptocurrency-lobby/,The Boston Globe,-0.8115265
2025-03-17,"Bitcoin drops below $90K, but traders say ‘max pain’ is needed before a rally","Bitcoin has dropped below $90K, but traders like David Gokhshtein say “max pain” is needed before a real rally begins.","Bitcoin has fallen below $90,000, but traders like David Gokhshtein see it as a buying opportunity rather than a reason to panic.
Speaking on TheStreet Crypto Roundtable, Gokhshtein made it clear he’s taking advantage of the dip.
“I’m in, I’m going i... [1428 chars]",https://finance.yahoo.com/news/bitcoin-drops-below-90k-traders-205801331.html,Yahoo Finance,-0.22064598
2025-03-17,Strategy buys more Bitcoin after announcing preferred sales,"The former MicroStrategy purchased 130 Bitcoin at an average price of approximately $82,981 from March 10 through March 16.","By Dave Liedtka | Bloomberg
Michael Saylor’s Strategy said it bought $10.7 million of Bitcoin, a week after unveiling plans to issue up to $21 billion of preferred stock to acquire more of the cryptocurrency.
The enterprise software company turned le... [2263 chars]",https://www.mercurynews.com/2025/03/17/strategy-buys-more-bitcoin-after-announcing-preferred-sales/,The Mercury News,0.080096275
2025-03-14,Asset manager VanEck files for Avalanche ETF as altcoin rush heats up,"Investment firms are increasingly rolling out new products aimed at investors who are looking for the next breakout token, following bitcoin's remarkable rally. Earlier this month, Franklin Templeton filed for an ETF tied to the spot price of cryptocurrency XRP. In February, the asset manager had also filed for an ETF that will track the spot price of Solana.","(Reuters) - VanEck filed for an exchange-traded fund on Friday that will track the price of Avalanche's avax coin, as asset managers seek to capitalize on the growing interest in cryptocurrencies beyond bitcoin.
Investment firms are increasingly roll... [537 chars]",https://finance.yahoo.com/news/asset-manager-vaneck-files-avalanche-220557162.html,Yahoo Finance,0.073797025
2025-03-13,'Mighty Ducks' star Brock Pierce offers Wendy Williams his mansion,"The onetime actor-turned-Bitcoin billionaire has offered Williams a place to stay at one of his mansions, as well as extended health care.","Wendy Williams’ public plea to end her ongoing guardianship has caught the attention of an unlikely supporter.
Former child star Brock Pierce, perhaps best known for playing the young version of Gordon Bombay in the first two “Mighty Ducks” movies, i... [1990 chars]",https://www.nydailynews.com/2025/03/13/brock-pierce-mighty-ducks-offers-wendy-williams-mansion-guardianship/,New York Daily News,0.18071653
2025-03-13,B.C. court grants production order to man defrauded out of $26 million in bitcoin,VANCOUVER — A B.C. Supreme Court judge has granted production orders to name cryptocurrency account holders to a man who claims he lost $26 million in bitcoin in a fraud connected to a person who claimed to live in Vancouver.,"VANCOUVER — A B.C. Supreme Court judge has granted production orders to name cryptocurrency account holders to a man who claims he lost $26 million in bitcoin in a fraud connected to a person who claimed to live in Vancouver.
VANCOUVER — A B.C. Supre... [1584 chars]",https://www.vancouverisawesome.com/national-news/bc-court-grants-production-order-to-man-defrauded-out-of-26-million-in-bitcoin-10372408,Vancouver Is Awesome,-0.32820925
2025-03-12,"Bitcoin billionaire, 'Mighty Ducks' star Brock Pierce offers Wendy Williams mansion stay, medical care","A Bitcoin billionaire and former child star is offering to put up Wendy Williams in a mansion with ""around-the-clock hospital care.""","Sounds like a recipe for a hit sitcom.
A Bitcoin billionaire and former child star is offering to put up Wendy Williams in a mansion with “around-the-clock hospital care.”
Brock Pierce — who starred in films like “The Mighty Ducks” before hitting it ... [3390 chars]",https://pagesix.com/2025/03/12/celebrity-news/bitcoin-billionaire-mighty-ducks-star-brock-pierce-offers-wendy-williams-mansion-stay-medical-care/,Page Six,0.33772084
2025-03-12,‘They turned our home into a cemetery’: the high price of El Salvador’s Bitcoin City dream,Mangroves are being destroyed and residents displaced to make way for an airport to serve president Nayib Bukele’s vision of a tax-free economic hub,"When Nayib Bukele launched his presidential campaign in the eastern department of La Unión in 2018, the new outsider politician stood in a street packed with supporters and promised a new airport. La Unión and the rest of El Salvador’s eastern region... [7217 chars]",https://www.theguardian.com/global-development/2025/mar/12/el-salvador-bitcoin-city-mangroves-president-nayib-bukele,The Guardian,-0.061466232
2025-03-11,"US stocks plunge, bitcoin stumble following Trump's recession remarks","The rout on Wall Street began early, with all three major indexes opening in the red","US stocks tumbled, bitcoin plunged, and the Wall Street fear gauge reached its highest level as concerns regarding US President Donald Trump's economic policy resulted in widespread market selloff on Monday, CNN reported.The rout on Wall Street began... [4375 chars]",https://www.deccanchronicle.com/business/us-stocks-plunge-bitcoin-stumble-following-trumps-recession-remarks-1866162,Deccan Chronicle,-0.7645089
2025-03-10,"Shares drop after Donald Trump’s recession comments spooks Wall Street. WiseTech drops, CBA pares early losses.","Shares lower; tech weighs after Nasdaq slumps; Morgan Stanley cautious on DigiCo; block trade sinks Nickel Industries; bitcoin, oil lower.","The Australian sharemarket closed at a seven-month low on Tuesday despite recovering some ground in the afternoon session, as heavy selling on Wall Street triggered a sell-off in technology stocks.
After earlier shedding as much as 1.8 per cent, the ... [2969 chars]",https://www.afr.com/markets/equity-markets/wall-street-plunges-as-recession-risks-spike-20250311-p5lij0,The Australian Financial Review,-0.7120639
2025-03-10,Dow falls by almost 900 points in market rout after Trump says he won’t rule out a recession,"US stocks plunged, bitcoin stumbled and Wall Street’s fear gauge hit its highest level this year as concerns about President Donald Trump’s economic policy led to a widespread market selloff on Monday.","New York CNN —
US stocks plunged, bitcoin stumbled and Wall Street’s fear gauge hit its highest level this year as concerns about President Donald Trump’s economic policy led to a widespread market selloff on Monday.
The rout on Wall Street started e... [5675 chars]",https://edition.cnn.com/2025/03/10/investing/us-stocks-drop-after-trump-says-he-wont-rule-out-a-recession/index.html,Cable News Network,-0.6680561
2025-03-09,Market Turmoil: China's Deflation and U.S. Policy Shake Global Financial Stability,"Market concerns rise as China's deflation and U.S. economic policies create global instability. Wall Street futures drop, the yen strengthens, and Bitcoin reaches a monthly low. U.S. labor reports miss expectations, and Trump's trade policies add to economic uncertainties, fueling market unease.","Wall Street futures are experiencing a significant downturn, compounded by strengthening deflationary pressures in China and concerns over U.S. economic growth. Early Monday, the safe-haven yen saw an uptick, indicative of growing investor anxiety.
T... [537 chars]",https://www.devdiscourse.com/article/headlines/3301523-market-turmoil-chinas-deflation-and-us-policy-shake-global-financial-stability,Devdiscourse,-0.5164106
2025-03-09,"Citi says Macquarie commodities earnings forecasts too optimistic; DigiCo in; Star, Johns Lyng drop out of ASX 200.",ASX falls short of 8000; Citi gloomy on Macquarie earnings; insurers rebound after Alfred; John Lyng exits ASX 200; Star mulling new rescue bid; bitcoin drops.,"A rally in energy stocks pushed the sharemarket higher on Monday, although investors remained cautious after a barrage of US tariff announcements last week unleashed chaos in equity markets.
The S & P/ASX 200 Index edged up 14.1 points, or by 0.2 per... [2753 chars]",https://www.afr.com/markets/equity-markets/asx-to-retake-8000-as-wall-street-bounces-back-bitcoin-tumbles-20250307-p5lhwx,The Australian Financial Review,-0.4472771
2025-03-08,A non-crypto person’s guide to the ‘bitcoin strategic reserve’,"The Trump White House recently announced a project that the crypto industry loves, skeptics hate, and that most people, reasonably, don’t really care about: a “bitcoin strategic reserve.”","New York CNN —
This week, the Trump White House announced a project that the crypto industry loves, skeptics hate, and that most people, reasonably, don’t really care about: a “bitcoin strategic reserve.”
The words are opaque and boring, and you’d be... [4473 chars]",https://edition.cnn.com/2025/03/08/business/bitcoin-strategic-reserve-explained/index.html,Cable News Network,-0.08902686
2025-03-07,What the Bitcoin Bulls Are Saying About Trump's Strategic Crypto Reserve,Crypto experts told Newsweek the president's recent actions acted as a mark of legitimacy for the digital asset class.,"Based on facts, either observed and verified firsthand by the reporter, or reported and verified from knowledgeable sources.
President Donald Trump's newly announced crypto strategic reserve has even some industry advocates skeptical over the short-t... [5068 chars]",https://www.newsweek.com/what-bitcoin-bulls-are-saying-about-trumps-strategic-crypto-reserve-2041471,Newsweek,-0.01709573
2025-03-07,Here's what owning Bitcoin for 7 years has taught me,Here are some of the lessons I've learned from buying and holding Bitcoin and other cryptocurrencies for seven years.,"Bitcoin has been a fantastic investment for me, but not without its pitfalls.
You’re reading a free article with opinions that may differ from The Motley Fool’s Premium Investing Services. Become a Motley Fool member today to get instant access to ou... [3260 chars]",https://www.fool.com.au/2025/03/08/heres-what-owning-bitcoin-for-7-years-has-taught-me/,Motley Fool Australia,0.31673598
2025-03-06,"ASX, Commonwealth Bank drop; Bain, CC Capital up Insignia bids; Jason Yetton, Donald Trump delays Canada, Mexico tariffs.",Shares fall; CBA at four-month low; partial tariff delays; Star confirms rescue talks; battle for Insignia resumes; another exec exits Westpac; bitcoin slumps.,"The sharemarket sank to its lowest level since September, after Washington’s changing approach to tariffs spooked investors and index bellwether Commonwealth Bank sold off.
The S & P/ASX 200 Index dropped 1.8 per cent, or by 146.5 points, to 7948.2 a... [2275 chars]",https://www.afr.com/markets/equity-markets/asx-to-fall-nvidia-drags-s-and-p-500-lower-20250307-p5lhng,The Australian Financial Review,-0.5364458
2025-03-06,"Bitcoin to stay under pressure in the near term, JPMorgan warns",JPMorgan doesn't expect a big move higher in crypto in the near future.,"JPMorgan doesn't expect a big move higher in crypto in the near future. Cryptocurrencies including bitcoin rallied to start the week following a social media update by President Donald Trump on the widely expected bitcoin stockpile, which has become ... [1979 chars]",https://www.cnbc.com/2025/03/06/bitcoin-to-stay-under-pressure-in-the-near-term-jpmorgan-warns.html,CNBC,-0.2556684
2025-03-05,Bitcoin price surges on Donald Trump's cryptocurrency strategic reserve update,The Bitcoin (CRYPTO: BTC) price has enjoyed some heady tailwinds from the Donald Trump presidency. Here’s what’s happening now.,"The Bitcoin price hit all-time highs of US$109,115 on the day Trump was sworn into office.
You’re reading a free article with opinions that may differ from The Motley Fool’s Premium Investing Services. Become a Motley Fool member today to get instant... [2770 chars]",https://www.fool.com.au/2025/03/05/bitcoin-price-surges-on-donald-trumps-cryptocurrency-strategic-reserve-update/,Motley Fool Australia,0.20679328
2025-03-04,"Bitcoin Falls 10%, Solana Crashes 20%: Why Is Crypto Market Down Today?",Analysts say Bitcoin and other cryptos have come under pressure due to scepticism over the implementation and regulatory approval of the US Crypto Strategic Reserves and on Trump Tariffs that have intensified economic uncertainty.,"Bitcoin Falls 10%, Solana Crashes 20%: Why Is Crypto Market Down Today?
Reported By :
News18.com
Last Updated: March 04, 2025, 13:18 IST
Analysts say Bitcoin and other cryptos have come under pressure due to scepticism over the implementation and reg... [3300 chars]",https://www.news18.com/business/cryptocurrency/bitcoin-falls-10-solana-crashes-20-why-is-crypto-market-down-today-9248957.html,News18,-0.8283721
2025-03-04,"Bitcoin price drops below $85,000 amid trade war, US crypto reserve uncertainty","The price of Bitcoin fell to $85,321.69 late on Monday (March 3). Ether, the second-largest cryptocurrency, dropped more than 15 per cent, while XRP, Cardano, and Solana fell nearly 20 per cent","The price of Bitcoin fell to $85,321.69 late on Monday (March 3). Ether, the second-largest cryptocurrency, dropped more than 15 per cent, while XRP, Cardano, and Solana fell nearly 20 per cent read more
The value of Bitcoin tumbled after a market-wi... [2151 chars]",https://www.firstpost.com/world/bitcoin-price-drops-amid-trade-war-us-crypto-reserve-uncertainty-13868445.html,Firstpost,-0.5829658
2025-03-03,"Crypto stocks rally, bitcoin jumps as Trump touts US crypto reserve",Crypto stocks rallied Monday after Trump said in a post on Truth Social that his administration will create a US crypto reserve.,"Crypto stocks rallied in early trading Monday after President Donald Trump said in a post on Truth Social that his administration will create a US crypto reserve.
In a post on Truth Social on Sunday, Trump said the US crypto reserve would include bit... [2314 chars]",https://finance.yahoo.com/news/crypto-stocks-rally-bitcoin-jumps-as-trump-touts-us-crypto-reserve-150550811.html,Yahoo Finance,0.7955006
2025-03-03,Bitcoin soars over 20% after Trump hints at new strategic reserve,"Further rally depends on sources for the reserve, analyst says","Bitcoin surged more than 20% from last week’s lows on Monday and several other cryptocurrencies also rallied sharply after U.S. President Donald Trump raised the possibility of a new U.S. strategic reserve that would include a range of tokens.
Trump ... [3004 chars]",https://www.theglobeandmail.com/investing/article-bitcoin-soars-over-20-after-trump-hints-at-new-strategic-reserve/,The Globe and Mail,0.19807062
2025-03-02,Whyalla steelworks owes creditors $1.4 billion; Bluescope Steel appointed adviser; NWH drops; Star suspended.,"ASX rises; Whyalla creditors meeting underway; Macquarie stays defensive; Star in limbo; NRW exits suspension, drops; Synlait’s new CEO; bitcoin bounces back.","A rally in Australian shares gained momentum on Monday, as traders flocked to unloved stocks before a sweep of new US tariffs hits global markets this week.
The S & P/ASX 200 Index lifted 1 per cent, by 76.7 points, to 8249.1 on Monday, after buying ... [3106 chars]",https://www.afr.com/markets/equity-markets/asx-to-rebound-as-wall-street-recovers-bitcoin-retakes-us90-000-20250303-p5lgcp,The Australian Financial Review,-0.669919
2025-03-02,Bitcoin price falls by 17.5% in biggest monthly loss since 2022,"Cryptocurrency slipped into technical bear market, before Donald Trump talked up plans for Crypto Strategic Reserve","Bitcoin has recorded its largest monthly loss since June 2022, pushing it into a bear market as the euphoria over cryptocurrencies after Donald Trump’s election win faded, before the president pumped it up again on Sunday.
The price of bitcoin fell b... [3106 chars]",https://www.theguardian.com/technology/2025/mar/02/bitcoin-price-falls-biggest-monthly-loss-since-june-2022,The Guardian,-0.84022546
2025-03-01,Gold is beating bitcoin since Trump took office. Here’s why.,"Bitcoin may be “digital gold.” But when investors are feeling anxious, they still crave the real thing.",Bitcoin and gold actually have a lot in common. They both straddle the line between assets and currencies. Their finite supply—not controlled by any government—appeals to investors seeking protection against potential inflation. And neither throws of... [4405 chars],https://www.livemint.com/market/gold-is-beating-bitcoin-since-trump-took-office-here-s-why-11740890656283.html,Livemint,0.61130476
2025-02-28,Bitcoin trades 25% below all-time high amid crypto sell-off over Trump tariffs; digital token down 20% in Feb,"Bitcoin Price Today: The original cryptocurrency tumbled as much as 7.2 per cent to $78,226, bringing its decline from the all-time high reached less than six weeks ago to 25 per cent.","Bitcoin Price Today: Bitcoin's week-long rout deepened amid the recent broader retreat from risky assets in the wake of US President Donald Trump’s tariff threats and crypto sector turmoil. At one point Friday, the original cryptocurrency tumbled as ... [2681 chars]",https://www.livemint.com/market/cryptocurrency/bitcoin-trades-25-below-all-time-high-amid-crypto-sell-off-over-trump-tariffs-digital-token-down-20-in-feb-11740764087948.html,Livemint,-0.5080567
2025-02-28,Man Searching For Dumped £600 Million Bitcoin Drive Has Better Odds of Winning Lottery,James Howells is considering buying a council dump in south Wales after his former partner accidentally threw away a hard drive containing his bitcoin wallet.,"James Howells is considering buying a council dump in south Wales after his former partner accidentally threw away a hard drive containing his bitcoin wallet.
Howells has already lost a high court case to allow him to search the tip for the hard driv... [5794 chars]",https://www.sciencealert.com/man-searching-for-dumped-600-million-bitcoin-drive-has-better-odds-of-winning-lottery,ScienceAlert,0.13114767
2025-02-27,"SGR future in doubt; NVDA slumps; Donald Trump announces China tariff, HVN sales revenue boosted.","Shares slide; China tariffs higher from next week; Star hangs in the balance; WiseTech at 7-month low; Endeavour drops dividend; bitcoin below $US80,000.","The sharemarket erased its year-to-date gains on Friday, as fears that higher tariffs on US imports from China could hit demand for Australian commodities pushed the bourse lower and technology stocks sold off.
The S & P/ASX 200 rounded off earnings ... [2543 chars]",https://www.afr.com/markets/equity-markets/asx-to-fall-nvidia-reverses-early-opening-advance-20250228-p5lfty,The Australian Financial Review,-0.61542946
2025-02-26,"Nasdaq, S&P 500 eke out gains as Dow, bitcoin drop with all eyes on Nvidia earnings",Wall Street is looking to the AI chipmaker's earnings to potentially lift stocks.,"Stocks closed mixed to end another volatile trading day after President Trump spoke about his tariff plans at a cabinet meeting Wednesday afternoon and investors also braced for Nvidia's (NVDA) crucial earnings report due out after the bell.
The Nasd... [1276 chars]",https://ca.finance.yahoo.com/news/stock-market-today-nasdaq-sp-500-eke-out-gains-as-dow-bitcoin-drop-with-all-eyes-on-nvidia-earnings-210154663.html,Yahoo Canada Finance,0.059679314
2025-02-26,NVDA revenue tops forecasts; QAN profit jumps; COL dividend raised; Qatar gets approval to buy Virgin stake,"Shares higher; Coles, Qantas jump; Perpetual down 9pc; Ramsay brings in Goldman; Nvidia tops forecasts; Nissan-Honda deal collapses; bitcoin nears $US85,000.","The sharemarket snapped a two-day losing streak on Thursday after bellwethers Coles and Qantas soared on strong earnings and as a better-than-expected result from US chipmaker Nvidia lifted sentiment.
The S & P/ASX 200 Index climbed 0.3 per cent, or ... [3070 chars]",https://www.afr.com/markets/equity-markets/asx-to-rise-nvidia-rallies-as-quarter-results-awaited-20250227-p5lfi4,The Australian Financial Review,0.6798994
2025-02-25,"Nvidia, Tesla lead Nasdaq lower as bitcoin sinks, consumer confidence plummets",Tech stocks logged more losses as uncertainty over tariffs and risks to Nvidia take hold.,"US stocks closed mixed on Tuesday as President Donald Trump's revived tariff threats and potential toughening of China curbs weighed on market optimism while new data signaled fears over future economic growth.
Consumer confidence plummeted in Februa... [2187 chars]",https://ca.finance.yahoo.com/news/stock-market-today-nvidia-tesla-lead-nasdaq-lower-as-bitcoin-sinks-consumer-confidence-plummets-210134930.html,Yahoo Canada Finance,-0.4258883
2025-02-25,"Nvidia, Tesla lead Nasdaq lower as bitcoin sinks, consumer confidence plummets",Tech stocks logged more losses as uncertainty over tariffs and risks to Nvidia take hold.,"US stocks closed mixed on Tuesday as President Donald Trump's revived tariff threats and potential toughening of China curbs weighed on market optimism while new data signaled fears over future economic growth.
Consumer confidence plummeted in Februa... [2055 chars]",https://finance.yahoo.com/news/live/stock-market-today-nvidia-tesla-lead-nasdaq-lower-as-bitcoin-sinks-consumer-confidence-plummets-210134930.html,Yahoo Finance,-0.4258883
2025-02-24,How €750 million in bitcoin ended up buried in a dump in Wales,In the News podcast,"Newport Council landfill where James Howells believes his hard drive with 8,000 bitcoin is buried. Photograph: Matthew Horwood/Getty
In 2013 a Bitcoin hard drive – now worth more than half a billion euro – was mistakenly dumped in the council rubbish... [547 chars]",https://www.irishtimes.com/podcasts/in-the-news/how-750-million-in-bitcoin-ended-up-buried-in-a-dump-in-wales/,The Irish Times,-0.6986417
2025-02-22,‘Most people just don’t understand’,"Polygon Labs CEO Marc Boiron predicts Bitcoin could hit $250,000, calling it the ""easiest financial asset to understand.""","""I don’t know. On the other side, I'll have a little fun and go as the $250,000 non-financial advice estimate,"" says Marc Boiron, CEO of Polygon Labs, when asked about Bitcoin’s potential high for the year.
Speaking on Roundtable host Rob Nelson, Boi... [1672 chars]",https://finance.yahoo.com/news/polygon-labs-ceo-predicts-bitcoin-143000347.html,Yahoo Finance,-0.6475882
2025-02-22,Massive Crypto Heist: Bybit Ether Wallet Breached,"Bybit's ether wallet fell victim to a cyberattack with $1.5 billion transferred to an unknown address. Other wallets remain unaffected, all client funds are secure, and operations continue normally, the exchange assured. Bybit serves over 60 million users, offering various cryptocurrencies like bitcoin and ether.","Bybit, a cryptocurrency exchange, reported a security breach on Friday when an attacker compromised an ether wallet and siphoned off approximately $1.5 billion in cryptocurrency to an unknown address.
CEO Ben Zhou assured clients that the attack was ... [355 chars]",https://www.devdiscourse.com/article/technology/3273795-massive-crypto-heist-bybit-ether-wallet-breached,Devdiscourse,-0.48971415
2025-02-21,Coinbase says SEC will drop case that ‘could have killed the crypto industry in America’,"Coinbase, America’s largest cryptocurrency exchange, said Friday that the Trump administration has agreed to drop a major lawsuit that would have broad ramifications for the crypto industry. It comes as the new Trump administration has promised to deregulate digital currencies like bitcoin.","The Coinbase website on a smartphone. - Gabby Jones/Bloomberg/Getty Images/File
Coinbase, America’s largest cryptocurrency exchange, said Friday that the Trump administration has agreed to drop a major lawsuit that would have broad ramifications for ... [3169 chars]",https://finance.yahoo.com/news/coinbase-says-sec-drop-case-171318334.html,Yahoo Finance,-0.6813292
2025-02-21,Franklin Templeton files for Solana ETF as crypto interest expands beyond bitcoin,"Investment managers are rolling out new products to capitalize on this increasing interest. In January, Grayscale Investments launched a fund tied to Dogecoin, a token the company said has ""transitioned from a memecoin ... to a tool for global financial inclusion and a viable means of payment"". Solana has gained more than 60% over the past year.","(Reuters) - Franklin Templeton filed for an exchange-traded fund on Friday that will track the spot price of Solana, reflecting the growing interest among asset managers to profit from the popularity of cryptocurrencies beyond bitcoin.
As regulatory ... [856 chars]",https://ca.finance.yahoo.com/news/franklin-templeton-files-solana-etf-213012904.html,Yahoo Canada Finance,0.21909016
2025-02-18,X unveils new show with crypto investor Anthony Pompliano,"Elon Musk’s X has launched its first business news program — ""From the Desk of Anthony Pompliano,"" an hour-long daily show starring the Bitcoin investor, with new episodes each weekday at 10:30 a.m.","Elon Musk’s X has launched its first business news program — an hour-long daily show starring Bitcoin and business commentator Anthony Pompliano — and its latest investment in original content.
Pompliano, who already has 1.7 million followers on X, 2... [4059 chars]",https://nypost.com/2025/02/18/business/x-unveils-new-show-with-crypto-investor-anthony-pompliano/,New York Post,0.3988782
2025-02-18,Irishwoman in El Salvador: I’m 60 and moved halfway around the world. Everything is different,Life in El Salvador: ‘I’ve climbed a volcano and used Bitcoin. I live with the roar of motorbikes and ire-filled preachers’,"More than 23 years ago – September 2001 to be exact – I moved with my two children to the southeast of Spain.
Good times and bad times were had. One great thing was that it left us all with good Spanish skills. More than a couple of decades later, I ... [5104 chars]",https://www.irishtimes.com/abroad/2025/02/18/irishwoman-in-el-salvador-im-60-and-moved-halfway-around-the-world-everything-is-different/,The Irish Times,0.0007920861
2025-02-17,Largest bank in the U.S. reveals nearly $1 million holdings in spot Bitcoin ETFs,JPMorgan and Goldman Sachs ramp up Bitcoin ETF exposure as institutional adoption grows.,"JPMorgan Chase, one of the largest financial institutions in the world, has significantly increased its exposure to Bitcoin (BTC) and Ethereum (ETH) exchange-traded funds (ETFs), according to its latest 13F filing with the U.S. Securities and Exchang... [2202 chars]",https://finance.yahoo.com/news/largest-bank-u-reveals-nearly-194200367.html,Yahoo Finance,0.13781762
2025-02-17,From its 2009 launch to its 2025 heights,Here’s how Bitcoin has risen and fallen over time and some of the trends driving those moves.,"Bitcoin’s price has been on a roller coaster ride since it first debuted in January 2009, but the long-term trajectory has been higher — “up and to the right,” as they say. Bitcoin ushered in the age of cryptocurrency, but it took quite a while befor... [14504 chars]",https://finance.yahoo.com/news/bitcoin-price-history-2009-2023-175107776.html,Yahoo Finance,0.70716715
2025-02-16,"‘Trump trades’ like the dollar and bitcoin are stalling, while Chinese stocks are racing ahead","President Trump has been back in the White House for less than a month. Yet many of the most popular “Trump trades” have already seen their momentum wane, while Chinese and European stocks — which had struggled in the aftermath of his electoral victory — are racing ahead.","The U.S. dollar has weakened, and bitcoin has retreated from its record high. Is the “Trump trade” fizzling out? - MarketWatch photo illustration/Getty Images, iStockphoto
That didn’t take long.
President Donald Trump has been back in the White House... [7128 chars]",https://finance.yahoo.com/news/trump-trades-dollar-bitcoin-stalling-210600978.html,Yahoo Finance,-0.41182128
2025-02-15,Bitcoin holds strong as the Fed subtly recalibrates its crypto stance,"Bitcoin remains resilient around $95K as pro-crypto leadership gains traction, the Fed eyes a policy shift, and institutional adoption begs for bold price predictions.","Despite tariffs, inflation rates, and other economic factors, bitcoin has remained resilient within the high $90,000 range this week.
It peaked at $98,000 and is currently hovering around $95,000. A win is a win.
Pro-crypto leader Brian Quintenz name... [1869 chars]",https://finance.yahoo.com/news/bitcoin-holds-strong-fed-subtly-140000239.html,Yahoo Finance,0.5293415
2025-02-14,Man in U.K. who lost US$800M bitcoin in landfill wants to buy the dump site,"Buried deep in a Welsh landfill, beneath layers of years-old garbage, there is a hard drive that holds the key to almost US$800 million in bitcoin – or so James Howells believes, after accidentally throwing the drive away in 2013.","James Howells, seen in the image above, accidentally threw away the hard drive that allows him to access his bitcoin. (Shutterstock via CNN Newsource)
LONDON — Buried deep in a Welsh landfill, beneath layers of years-old garbage, there is a hard driv... [2907 chars]",https://www.cp24.com/news/world/2025/02/14/man-who-lost-us800-million-bitcoin-in-landfill-wants-to-buy-the-garbage-dump/,CP24 Toronto,-0.5573078
2025-02-14,Man who lost $800 million bitcoin in landfill wants to buy the garbage dump,"Buried deep in a Welsh landfill, beneath layers of years-old garbage, there is a hard drive that holds the key to almost $800 million in bitcoin – or so James Howells believes, after accidentally throwing the drive away in 2013.","London CNN —
Buried deep in a Welsh landfill, beneath layers of years-old garbage, there is a hard drive that holds the key to almost $800 million in bitcoin – or so James Howells believes, after accidentally throwing the drive away in 2013.
And now,... [2865 chars]",https://edition.cnn.com/2025/02/14/uk/james-howells-landfill-bitcoin-gbr-intl-scli/index.html,Cable News Network,-0.7088625
2025-02-13,GameStop Stock Pops on Report Video Game Seller Is Considering Investing in Bitcoin,GameStop shares surged in extended trading Thursday following a report the video game retailer is considering investing in cryptocurrencies such as bitcoin.,"SOPA Images / Getty Images
Key Takeaways
GameStop shares surged in extended trading Thursday following a report the video game retailer is considering investing in cryptocurrencies such as bitcoin.
Last weekend, GameStop CEO Ryan Cohen had posted a p... [1374 chars]",https://finance.yahoo.com/news/gamestop-stock-pops-report-video-224447421.html,Yahoo Finance,0.04325559
2025-02-13,GameStop stock pops 10% after report company may invest in crypto,Gamestop shares rose in after-hours trading Thursday as speculation continues to build around the company using its cash reserves to buy bitcoin.,"GameStop (GME) rose about 10% in after hours trading on Thursday after CNBC reported the video game retailer is exploring investing in cryptocurrencies, including bitcoin (BTC-USD).
CNBC specified the company may not follow through with the investmen... [2211 chars]",https://finance.yahoo.com/news/gamestop-stock-pops-10-after-report-company-may-invest-in-crypto-223222397.html,Yahoo Finance,0.78703177
2025-02-12,Goldman Sachs gobbles up Bitcoin and Ethereum as crypto ETF holdings soar past $2 billion,The investment bank isn't the only Wall Street titan gobbling up crypto.,"One of the world’s largest investment banks continues to buy up crypto, according to a Bitcoin and Ethereum, the world’s two largest cryptocurrencies.
The financial firm held about $1.3 billion of BlackRock’s Bitcoin ETF shares and $300 million of Fi... [2723 chars]",https://finance.yahoo.com/news/goldman-sachs-gobbles-bitcoin-ethereum-183433458.html,Yahoo Finance,0.36244714
2025-02-12,"Bitcoin Miners Enter ""Capitulation"" Phase, Sparking Speculation of Price Reversal Below $100K","Bitcoin's market is showing signs of a potential price shift as miners enter a phase of ""capitulation.""","Bitcoin Miners Enter ""Capitulation"" Phase, Sparking Speculation of Price Reversal Below $100K
Bitcoin's market is showing signs of a potential price shift as miners enter a phase of ""capitulation."" This phase is identified by the hash ribbon indicato... [2655 chars]",https://finance.yahoo.com/news/bitcoin-miners-enter-capitulation-phase-080051300.html,Yahoo Finance,0.060297463
2025-02-11,"Goldman Sachs increases Bitcoin exposure by nearly 90%, filing shows","Goldman Sachs increased its Bitcoin exposure in Q4 2024, boosting its holdings in Bitcoin exchange-traded funds (ETFs) by 88%, according to its latest SEC filing.","Goldman Sachs, one of the largest investment banks in the world, has significantly increased its Bitcoin exchange-traded fund (ETF) holdings, according to its latest 13F filing with the U.S. Securities and Exchange Commission (SEC).
The filing dated ... [1934 chars]",https://finance.yahoo.com/news/goldman-sachs-increases-bitcoin-exposure-215512550.html,Yahoo Finance,0.5743339
2025-02-11,Man Who Hijacked SEC's X Account to Pump Bitcoin Faces Up to Five Years in Prison,"The Alabama man took over the SEC's X account to falsely post that the agency had approved Bitcoin ETFs, sending the cryptocurrency's price soaring.","An Alabama man who hijacked the X account of the US Securities and Exchange Commission (SEC) to pump Bitcoin has pleaded guilty to identity theft and access device fraud. Eric Council Jr., along with his co-conspirators, used their unauthorized acces... [3328 chars]",https://gizmodo.com/man-who-hijacked-secs-x-account-to-pump-bitcoin-faces-up-to-five-years-in-prison-2000562426,Gizmodo,-0.6577293
2025-02-10,"Alabama man pleads guilty in hacking of SEC social media account, boosting bitcoin value",An Alabama man on Monday pleaded guilty to hacking into the Securities and Exchange Committee's social media account and posting a false message in January 2024.,"Feb. 10 (UPI) -- An Alabama man on Monday pleaded guilty to hacking into the Securities and Exchange Committee's social media account and posting a false message in January 2024.
Eric Council Jr., 25, of Athens, posted a fraudulent message in the nam... [1925 chars]",https://www.upi.com/Top_News/US/2025/02/10/Ala-man-guilty-plea-hacking-SEC-social-media-account/8201739222575/,UPI News,-0.059700526
2025-02-10,Hacker pleads guilty of taking over SEC’s X account to post fake Bitcoin news,Eric Council Jr pleaded guilty after using a fake ID and SIM swapping attack to help send a fake tweet about Bitcoin from the official SEC account last year.,"is a news writer fond of the electric vehicle lifestyle and things that plug in via USB-C. He spent over 15 years in IT support before joining The Verge.
Hacker Eric Council Jr. pleaded guilty Monday to charges of conspiracy to commit aggravated iden... [1179 chars]",https://www.theverge.com/news/609641/sec-fake-bitcoin-tweet-guilty-plea,The Verge,-0.56482714
2025-02-09,This Recent Development Could Be a Game Changer for Bitcoin,"According to a new research report from Fidelity, 2025 could be the year that central banks and sovereign governments around the world start buying Bitcoin (CRYPTO: BTC). In fact, the amount of money flowing into Bitcoin might even surpass the amount that has already arrived via the new spot Bitcoin ETFs. If that's the case, then Bitcoin might skyrocket in value.","According to a new research report from Fidelity, 2025 could be the year that central banks and sovereign governments around the world start buying Bitcoin (CRYPTO: BTC). That's a significant change, given how much money might flow into Bitcoin.
In f... [5716 chars]",https://finance.yahoo.com/news/recent-development-could-game-changer-171800727.html,Yahoo Finance,0.8513585
2025-02-09,Donald Trump’s DJT wants to get into the bitcoin ETF business,"Donald Trump’s namesake Trump Media wants to launch a bitcoin exchange-traded fund, marking another way the US president could participate financially in a digital asset surge that followed his election.","Donald Trump’s namesake Trump Media & Technology Group (DJT) wants to launch a bitcoin exchange-traded fund, marking another way the US president could participate financially in a digital asset surge that followed his election.
The announcement of p... [4117 chars]",https://finance.yahoo.com/news/donald-trumps-djt-wants-to-get-into-the-bitcoin-etf-business-143024485.html,Yahoo Finance,0.008363716
2025-02-08,Cathie Wood of Ark Invest Just Delivered Incredible News for Bitcoin Investors,Bitcoin is still on track to hit a price of $1.5 million by 2030.,"If you're interested in where crypto could be headed in 2025, then the new ""Big Ideas 2025"" report from Ark Invest is a must-read. It lays out what could be coming next for cryptocurrencies, stablecoins, decentralized finance (DeFi) platforms, and sm... [6193 chars]",https://finance.yahoo.com/news/cathie-wood-ark-invest-just-131100006.html,Yahoo Finance,0.95404124
2025-02-08,"BTC TO USD - Today’s Bitcoin price in Dollar on Feb 8, 2024","As of Feb 8, the Bitcoin to USD exchange rate stood at $95995.25. Bitcoin’s value in dollars reflects the dynamic nature of the crypto","As of Feb 8, the Bitcoin to USD exchange rate stood at $95995.25. Bitcoin’s value in dollars reflects the dynamic nature of the cryptocurrency market. Investors and enthusiasts closely monitor these fluctuations to make informed decisions regarding b... [595 chars]",https://www.bolnews.com/business/2025/02/btc-to-usd-todays-bitcoin-price-in-dollar-on-feb-8-2024/,BOL News,0.036865667
2025-02-07,The race for the next big crypto ETF is on. What investors should know,"New funds offer investors exposure to bitcoin with downside protection, and more derivatives-based products are in the works.",Funds that combine bitcoin exposure and derivatives are now widely available to U.S. investors as the scramble to build out the crypto exchange-traded fund ecosystem gets underway. Calamos now has three funds on the market that offer downside protect... [3238 chars],https://www.cnbc.com/2025/02/07/the-race-for-the-next-big-crypto-etf-is-on-what-investors-should-know.html,CNBC,0.16583663
2025-02-07,"MicroStrategy shares to jump nearly 70%, company may join S&P 500","Keefe, Bruyette & Woods says MicroStrategy has big upside potential thanks to its novel and ambitious bitcoin treasury strategy.","Keefe, Bruyette & Woods says shares of MicroStrategy , which on Wednesday announced that its new name is Strategy , have big upside potential thanks to the company's novel and ambitious bitcoin treasury strategy. The research firm initiated coverage ... [2197 chars]",https://www.cnbc.com/2025/02/07/kbw-says-microstrategy-to-jump-nearly-70percent-and-may-be-added-to-sp-500.html,CNBC,0.5639918
2025-02-06,Franklin Templeton seeks SEC approval to launch new crypto index ETF,"Trump embraced digital assets during his campaign, promising to make the U.S. the ""crypto capital of the planet"" and to accumulate a national stockpile of bitcoin. The Securities and Exchange Commission, which had long attempted to block ETFs from investing in bitcoin citing investor protection concerns, approved bitcoin and ether ETFs last year.","(Reuters) - Franklin Templeton Investments is seeking regulatory approval to launch a new crypto index exchange-traded fund, the firm said on Thursday, as asset managers hope to cash in on the crypto wave amid Donald Trump's victory in U.S. president... [1038 chars]",https://finance.yahoo.com/news/franklin-templeton-seeks-sec-approval-222202767.html,Yahoo Finance,0.15596312
2025-02-06,"Trump Media files trademark for ‘Truth.Fi’ Bitcoin ETF, spearheads plans to launch ‘Made in America’ ETF","Trump Media is looking to debut the ‘Truth.Fi Made in America ETF,’ ‘Truth.Fi US Energy Independence ETF’ and ‘Truth.Fi Bitcoin Plus ETF,’ along with three others.",Trump Media and Technology Group Corp. applied to trademark brands for six investment products that track Bitcoin and the US manufacturing and energy sectors. These themes are US President Donald Trump’s priorities in office. The company has yet to f... [2494 chars],https://www.livemint.com/market/cryptocurrency/trump-media-files-trademark-for-truth-fi-bitcoin-etf-spearheads-plans-to-launch-made-in-america-etf-11738857977660.html,Livemint,0.033106223
2025-02-05,"MicroStrategy unveils new name, reports accelerated bitcoin purchases in fourth quarter",The largest corporate holder of bitcoin said it's almost halfway to its $42 billion capital-raising goal after it went on a buying spree last quarter.,"Strategy, the largest corporate holder of bitcoin, said it's almost halfway to its ambitious capital-raising goal as it went on a buying spree throughout the postelection rally.
The company formerly known as MicroStrategy said since the end of the th... [1242 chars]",https://www.cnbc.com/2025/02/05/microstrategy-unveils-new-name-reports-accelerated-bitcoin-purchases-in-fourth-quarter.html,CNBC,0.61278456
2025-02-05,"MicroStrategy rebrands as Strategy, leaning further into its bitcoin commitment",MicroStrategy announced a splashy rebrand Wednesday that underscored its commitment to serve as a bitcoin holding company.,"MicroStrategy (MSTR) announced a splashy rebrand Wednesday that underscored its commitment to its cryptocurrency strategy.
The company said it will now do business under the name Strategy and changed its logo to a Bitcoin symbol. In its announcement,... [2159 chars]",https://ca.finance.yahoo.com/news/microstrategy-rebrands-as-strategy-leaning-further-into-its-bitcoin-commitment-201036806.html,Yahoo Canada Finance,0.1680826
2025-02-04,Trump's crypto czar remains quiet on Bitcoin reserve,"Meanwhile, Bitcoin fell by more than 2% within just an hour, hovering around $98,000","The Trump administration is actively pursuing initiatives related to cryptocurrency, but there has not been any official announcement regarding the highly anticipated Bitcoin reserve. David Sacks, the White House’s cryptocurrency director and Preside... [1888 chars]",https://qz.com/trump-crypto-czar-david-sacks-bitcoin-reserve-1851755207,Quartz India,-0.033038914
2025-02-04,Tariff concerns could dampen one of bitcoin's strongest months of the year,Investors are bracing for volatility in February and scrambling to position themselves for a global trade war.,Investors are bracing for volatility in February and scrambling to position themselves for a global trade war. Bitcoin is entering one of its strongest months of the year. It's finished in the green in all but two Februarys since 2013 and has an aver... [4280 chars],https://www.cnbc.com/2025/02/04/bitcoin-february-outlook.html,CNBC,-0.30109072
2025-02-03,‘Time to get richer’,"Robert Kiyosaki calls Bitcoin’s price drop a buying opportunity, saying “crashes mean assets are on sale” amid Trump’s new tariffs.","Robert Kiyosaki, author of Rich Dad Poor Dad, sees the current market turmoil as a buying opportunity for Bitcoin.
As global markets react to U.S. President Donald Trump’s new tariffs, Kiyosaki said crashes present a chance to accumulate Bitcoin at a... [2373 chars]",https://finance.yahoo.com/news/rich-dad-poor-dad-author-234500238.html,Yahoo Finance,0.2419432
2025-02-03,"Bitcoin plunges amid US trade war fears, rebounds after Trump pauses tariffs on Mexico",The cryptocurrency market faced a sharp downturn as concerns over a potential trade war between the United States and its major trading partners rattled investors.,"Follow us on Image Source : AP The world's most popular cryptocurrency Bitcoin fell to about $92,000 Sunday night before rebounding on Monday morning.
Washington: The cryptocurrency market faced a sharp downturn as concerns over a potential trade war... [2806 chars]",https://www.indiatvnews.com/news/world/bitcoin-cryptocurrency-plunges-amid-us-trade-war-fears-rebounds-after-president-donald-trump-pauses-tariffs-on-mexico-for-a-month-latest-updates-2025-02-03-974496,India TV News,-0.5849489
2025-02-02,"Bitcoin slides below $100,000 as tariffs rattle markets","Cryptocurrency prices slid as the spectre of a global trade war put investors on edge and pushed them out of risky assets. Bitcoin was down more 4% early on Monday morning in Asia, touching a three-week low around $96,606. Over the weekend, U.S. President Donald Trump imposed 25% tariffs on Mexican and most Canadian imports, and 10% on goods from China, starting on Tuesday.","SINGAPORE (Reuters) - Cryptocurrency prices slid as the spectre of a global trade war put investors on edge and pushed them out of risky assets.
Bitcoin was down more 4% early on Monday morning in Asia, touching a three-week low around $96,606. Small... [906 chars]",https://finance.yahoo.com/news/bitcoin-slides-below-100-000-224116245.html,Yahoo Finance,-0.55322534
2025-02-02,"COIN, RIOT, or MSTR: Which Crypto Stock Is the Best Pick, According to Analysts?","The re-election of Donald Trump as the President of the United States has reignited a frenzy in the crypto market, sending Bitcoin (BTC-USD) and...","The re-election of Donald Trump as the President of the United States has reignited a frenzy in the crypto market, sending Bitcoin (BTC-USD) and other cryptocurrencies soaring in hopes of favorable policies. While the DeepSeek shock rattled major tec... [6389 chars]",https://markets.businessinsider.com/news/stocks/coin-riot-or-mstr-which-crypto-stock-is-the-best-pick-according-to-analysts-1034298261,Business Insider,0.21546711
2025-02-01,The US government stockpiling crypto would send an awful message to the world,"By stockpiling bitcoin — the most popular crypto -- inside the vaults of places like Fort Knox, the US government is sending a message to the world: An alternative asset is as safe as the US dollar.",The hand-wringing taking place over some of President Trump’s Cabinet picks would be laughable were it not for what the opposition is missing: Team Trump’s flirtation with something much more dangerous in making crypto part of the nation’s so-called ... [5618 chars],https://nypost.com/2025/02/01/business/the-us-government-stockpiling-crypto-would-send-an-awful-message-to-the-world/,New York Post,-0.9021897
2025-02-01,Should You Forget Bitcoin and Buy XRP (Ripple) Instead?,"The cryptocurrency has surged 500% over the past year, with investors hoping that the legal issues plaguing XRP will soon end.","The stars seem to have aligned for cryptocurrency investors. Post-election nominations for Treasury Secretary and Securities and Exchange Commission (SEC) chair, plus a recent executive order, have made it clear to the markets that the U.S. governmen... [4615 chars]",https://finance.yahoo.com/news/forget-bitcoin-buy-xrp-ripple-151700140.html,Yahoo Finance,0.00478632
2025-01-31,MicroStrategy keeps buying more Bitcoin. Here’s what it owns,Michael Saylor's company has Bitcoin holdings worth about $50 billion,"In This Story MSTR +1.70%
Bitcoin maximalist MicroStrategy (MSTR+1.70% ) has extended its Bitcoin buying spree, raising $584 million through a perpetual convertible preferred stock offering to fund additional Bitcoin purchases. Initially, MicroStrate... [1902 chars]",https://qz.com/microstrategy-bitcoin-michael-saylor-cryptocurrency-1851752598,Quartz India,0.18912926
2025-01-31,Bitwise Secures SEC Approval for Combined Bitcoin and Ethereum ETF,The U.S. Securities and Exchange Commission (SEC) has granted approval for Bitwise’s combined Bitcoin and Ethereum exchange-traded fund (ETF) on an accelerated basis.,"Bitwise Secures SEC Approval for Combined Bitcoin and Ethereum ETF
The U.S. Securities and Exchange Commission (SEC) has granted approval for Bitwise’s combined Bitcoin and Ethereum exchange-traded fund (ETF) on an accelerated basis.
This decision al... [1266 chars]",https://finance.yahoo.com/news/bitwise-secures-sec-approval-combined-143000938.html,Yahoo Finance,0.19009197
2025-01-30,We need to have a word with people who start investing or buy a home in their 40s,"Plus, a look at the no-spend January trend, the bitcoin ETF price war and digging into corporatized veterinary care","All credit to the 20- and 30-somethings who have started investing and either own a home now or will soon. Achieving financial goals at a young age tells people you have drive, a keen understanding of money and, sometimes, well-off parents.
Just as i... [3759 chars]",https://www.theglobeandmail.com/investing/personal-finance/household-finances/article-we-need-to-have-a-word-with-people-who-start-investing-or-buy-a-home/,The Globe and Mail,-0.25368145
2025-01-30,"This bitcoin miner is trading at a 'deep discount', says Bernstein",Hybrid bitcoin miners were some of the hardest hit in the DeepSeek scare earlier this week.,"Bitcoin miners were some of the hardest hit in the DeepSeek scare earlier this week, and one of Bernstein's favorite names is now available at a ""deep discount."" Core Scientific , a leader among bitcoin miners chasing artificial intelligence deals, l... [1941 chars]",https://www.cnbc.com/2025/01/30/this-bitcoin-miner-is-trading-at-a-deep-discount-says-bernstein.html,CNBC,-0.4511496
2025-01-29,"Exclusive-D.E. Shaw takes stake in bitcoin miner Riot Platforms, sources say","Investment firm D.E. Shaw has built a position in Riot Platforms and may push it to make changes, two sources familiar with the matter said, making it the second activist shareholder to do so at the cryptocurrency mining company. Reuters could not determine the size of D.E. Shaw's stake in Riot. Representatives for Riot and D.E. Shaw, which oversees $70 billion in assets, declined to comment.","By Svea Herbst-Bayliss
NEW YORK (Reuters) - Investment firm D.E. Shaw has built a position in Riot Platforms and may push it to make changes, two sources familiar with the matter said, making it the second activist shareholder to do so at the cryptoc... [1902 chars]",https://finance.yahoo.com/news/exclusive-d-e-shaw-takes-143921199.html,Yahoo Finance,0.041496202
2025-01-29,"Truth Social owner Trump Media expands into finance, may invest in bitcoin",Truth Social owner Trump Media & Technology Group announced Wednesday it plans to expand into financial services and potentially buy bitcoin and other cryptocurrencies.,"Washington CNN —
Truth Social owner Trump Media & Technology Group announced Wednesday it plans to expand into financial services and potentially buy bitcoin and other cryptocurrencies.
Shares of Trump Media (DJT) climbed 8% on the news.
Trump Media ... [3065 chars]",https://edition.cnn.com/2025/01/29/business/truth-social-owner-trump-media-finance-bitcoin/index.html,Cable News Network,0.22573543
2025-01-28,"BTC TO USD - Today’s Bitcoin price in Dollar on Jan 28, 2024","As of Jan 28, the Bitcoin to USD exchange rate stood at $102919.28. Bitcoin’s value in dollars reflects the dynamic nature of the crypto","As of Jan 28, the Bitcoin to USD exchange rate stood at $102919.28. Bitcoin’s value in dollars reflects the dynamic nature of the cryptocurrency market. Investors and enthusiasts closely monitor these fluctuations to make informed decisions regarding... [598 chars]",https://www.bolnews.com/business/2025/01/btc-to-usd-todays-bitcoin-price-in-dollar-on-jan-28-2024/,BOL News,0.037804335
2025-01-28,What companies accept Bitcoin and crypto as payment?,There are some everyday brands where you can use cryptocurrency for your purchases,"On May 22, 2010, a man in Florida spent 10,000 Bitcoin — the current-day equivalent of $1 billion — on pizza. The event, which marked the first digital currency transaction ever made for a physical item, is now celebrated annually as Bitcoin Pizza Da... [398 chars]",https://qz.com/bitcoin-cryptocurrency-payment-microsoft-starbucks-1851748713,Quartz India,0.02988516
2025-01-27,"MicroStrategy Adds Another Billion Worth Of Bitcoin, Will Sell More Shares For Future Buys","The bitcoin treasury company purchased 10,107 bitcoin for approximately $1.1 billion over the past week.","Liam Kennedy / Bloomberg / Getty Images MMicroStrategy Chairman Michael Saylor speaks at the Bitcoin 2024 conference in Nashville, Tennessee, on July 26, 2024.
Key Takeaways
MicroStrategy purchased 10,107 bitcoin for roughly $1.1 billion over the pas... [1858 chars]",https://finance.yahoo.com/news/microstrategy-adds-another-billion-worth-171023729.html,Yahoo Finance,0.33799657
2025-01-27,Cryptocurrencies to watch this week,"Bitcoin significantly boosted last week as President Donald Trump returned to the White House. Despite some market turbulence, overall sentiment among crypto enthusiasts remains largely bullish. As investors closely monitor political developments and their potential effects on digital assets, the performance of the crypto market is important to watch this week. Let’s take a look:","Illustration: Alvaro Fernandez Echeverria (Getty Images)
Bitcoin significantly boosted last week as President Donald Trump returned to the White House. Despite some market turbulence, overall sentiment among crypto enthusiasts remains largely bullish... [3280 chars]",https://finance.yahoo.com/news/bitcoin-ether-solana-mantra-more-145329212.html,Yahoo Finance,0.15900098
2025-01-25,Crypto markets steady after Trump’s first policy move,"Bitcoin has been broadly steady since Trump took office on Monday, pushing the world's biggest cryptocurrency to a fresh record of $109,071. It was last trading around $106,000 on Friday as some of the euphoria around a hoped-for revolution in cryptocurrency regulation ebbed.","Crypto markets crept up on Friday, still holding below recent highs even after President Donald Trump ordered a new working group to draw up crypto regulations long hoped for by the industry and explore the creation of a US cryptocurrency stockpile.
... [3181 chars]",https://indianexpress.com/article/technology/tech-news-technology/crypto-markets-steady-after-trumps-first-policy-move-9798514/,The Indian Express,0.51583064
2025-01-25,Why Hive Could Be the Best Stock to Buy in January,"Bitcoin is trading at its all-time high. However, Hive’s stock continues to trade in the lower range, creating a buying opportunity.","Crypto investors have something to cheer about as one of their supporters, Donald Trump, took the oath to become the 47th U.S. President. For years, crypto has been vying to win over investors’ confidence as an alternative investing option. However, ... [3909 chars]",https://www.fool.ca/2025/01/24/why-hive-could-be-the-best-stock-to-buy-in-january/,The Motley Fool Canada,0.8142211
2025-01-24,Did Trump's Crypto Order Deliver On His Promise Of A Bitcoin Strategic Reserve?,President Donald Trump this week signed an executive order to establish U.S. dominance in the digital asset market and make the country the global center of crypto. But does that order deliver on what Trump said he'd accomplish?,"Investopedia / Alice Morgan / Getty Images
Key Takeaways
U.S. President Donald Trump on Thursday signed an executive order to establish U.S. dominance in digital assets and financial technology.
While partly delivering on a campaign promise to create... [3698 chars]",https://finance.yahoo.com/news/did-trumps-crypto-order-deliver-233630526.html,Yahoo Finance,0.02304506
2025-01-24,"BTC TO USD - Today’s Bitcoin price in Dollar on Jan 24, 2024","As of Jan 24, the Bitcoin to USD exchange rate stood at $105183.09. Bitcoin’s value in dollars reflects the dynamic nature of the crypto","As of Jan 24, the Bitcoin to USD exchange rate stood at $105183.09. Bitcoin’s value in dollars reflects the dynamic nature of the cryptocurrency market. Investors and enthusiasts closely monitor these fluctuations to make informed decisions regarding... [598 chars]",https://www.bolnews.com/business/2025/01/btc-to-usd-todays-bitcoin-price-in-dollar-on-jan-24-2024/,BOL News,0.039002754
2025-01-23,Trump orders administration to evaluate potential for 'national digital asset stockpile',"President Donald Trump announced Thursday that his administration will evaluate whether to create a ""national digital asset stockpile"" — making good on a promise to support the use of cryptocurrencies like bitcoin.","President Donald Trump announced Thursday that his administration will evaluate whether to create a ""national digital asset stockpile"" — making good on a promise to support the use of cryptocurrencies like bitcoin.
However, his executive order fell s... [3491 chars]",https://www.nbcnews.com/business/markets/trump-bitcoin-digital-asset-stockpile-strategic-reserve-cryptocurrency-rcna188921,NBC News,-0.0016195662
2025-01-23,Another bitcoin bubble will happen: Nouriel 'Dr. Doom' Roubini,"Cryptocurrency might be enjoying an upward climb alongside the spotlight, but a sober take around the investment, especially concerning meme coins, could be wiser in the long run, argues ""Dr. Doom.""","Listen and subscribe to Opening Bid on Apple Podcasts, Spotify, or wherever you find your favorite podcasts.
With the new White House bullish on crypto, it’s reasonable to expect a deluge of money piling in, but some are warning retail investors to p... [2609 chars]",https://finance.yahoo.com/news/another-bitcoin-bubble-will-happen-nouriel-dr-doom-roubini-160032860.html,Yahoo Finance,-0.12999496
2025-01-22,Blackrock CEO Calls Crypto a 'Currency of Fear' (Complimentary),"Larry Fink believes bitcoin could hit $700,000 if people get scared enough.","Blackrock CEO Larry Fink thinks bitcoin, which is currently priced at around $104,200, could go as high as $700,000. But that’s only if people get really nervous about the stability of their own currencies around the world. And while it’s anyone’s gu... [4365 chars]",https://gizmodo.com/blackrock-ceo-calls-crypto-a-currency-of-fear-complimentary-2000553552,Gizmodo,-0.27360293
2025-01-22,Coinbase CEO says Trump is 'excited' about a strategic bitcoin reserve,"On the campaign trail, Trump pitched a national bitcoin stockpile, but it remains to be seen if he will fulfill this pledge.","On Tuesday, Coinbase CEO Brian Armstrong hinted that a strategic bitcoin reserve was imminent under President Donald Trump.
""I think he is excited about it. I mean, he really wants to be the first bitcoin president,"" Armstrong told Yahoo at the World... [2428 chars]",https://finance.yahoo.com/news/coinbase-ceo-says-trump-excited-201515396.html,Yahoo Finance,0.81298417
2025-01-21,How high can Bitcoin go in 2025?,"Christopher McMahon, CEO of Aquinas Wealth Advisors and author of ""Faithful Finances"", breaks down why institutional adoption of crypto will drive prices higher","Christopher McMahon, CEO of Aquinas Wealth Advisors and author of “Faithful Finances”, spoke with Quartz for the latest installment of our “Smart Investing” video series.
Watch the interview above and check out the transcript below. The transcript of... [7572 chars]",https://qz.com/crypto-bitcoin-prices-2025-all-time-highs-stock-picks-1851744183,Quartz India,0.23226005
2025-01-21,Trump should create a strategic Bitcoin reserve: Coinbase CEO,Coinbase CEO Brian Armstrong says the US should have a bitcoin reserve.,"A Bitcoin (BTC-USD) strategic reserve under President Trump is a real possibility, says one of the industry's biggest names.
""I think he is excited about it. I mean, he really wants to be the first bitcoin president,"" Coinbase (COIN) CEO Brian Armstr... [2356 chars]",https://ca.finance.yahoo.com/news/trump-should-create-a-strategic-bitcoin-reserve-coinbase-ceo-190035285.html,Yahoo Canada Finance,0.115395345
2025-01-20,"Dollar, bitcoin, treasury yields ease as investors weigh Trump’s approach to tariffs",The absence of any immediate imposition of broad tariffs in the wake of US President Trump’s inaugural speech also provided some relief to equities.,"The dollar fell against a basket of currencies, the yield on the 10-year Treasury eased and bitcoin pulled back from recent record highs in the wake of President Donald Trump’s inaugural speech, with the absence of any immediate imposition of broad t... [2667 chars]",https://www.livemint.com/economy/dollar-bitcoin-treasury-yields-ease-as-investors-weigh-trump-s-approach-to-tariffs-11737452260074.html,Livemint,-0.14063826
2025-01-20,Bitcoin goes on wild ride as Trump takes office,"The price of the world's largest cryptocurrency set another record in the hours before Donald Trump took office, only to fall once he began speaking.","Crypto is turning volatile as Donald Trump assumes the office for president for the second time.
The price of Bitcoin (BTC-USD) set another record in the hours leading up to Trump's inauguration, briefly crossing above $109,000, but then fell below $... [3216 chars]",https://finance.yahoo.com/news/bitcoin-goes-on-wild-ride-as-trump-takes-office-171544168.html,Yahoo Finance,0.059853062
2025-01-19,"ASX 200 LIVE: Australian shares rise; market braces for Trump 2.0;Westpac’s iron ore warning; Hotel Property board backs Charter Hall, Hostplus bid; Star a “going concern”, shares fall; Bitcoin recove","Sharemarket up on tech, bank gains; Westpac’s iron ore price crash warning; Hotel Property bid gains momentum; “going concern” Star tanks; bitcoin bounces back.","Pinned post – 4.15PM – Jan 20, 2025
Bullish sentiment presided in late trading on Monday as investors weighed the impact of Donald Trump’s return to the White House on global markets.
The S & P/ASX 200 index closed up 0.5 per cent, or 37 points, at 8... [2945 chars]",https://www.afr.com/markets/equity-markets/asx-to-rise-ahead-of-trump-2-0-bitcoin-tops-us106-000-20250120-p5l5o5,The Australian Financial Review,-0.24231935
2025-01-18,"BTC TO USD - Today’s Bitcoin price in Dollar on Jan 18, 2024","As of Jan 18, the Bitcoin to USD exchange rate stood at $103201.46. Bitcoin’s value in dollars reflects the dynamic nature of the crypto","As of Jan 18, the Bitcoin to USD exchange rate stood at $103201.46. Bitcoin’s value in dollars reflects the dynamic nature of the cryptocurrency market. Investors and enthusiasts closely monitor these fluctuations to make informed decisions regarding... [598 chars]",https://www.bolnews.com/business/2025/01/btc-to-usd-todays-bitcoin-price-in-dollar-on-jan-18-2024/,BOL News,0.03862471
2025-01-18,Earn an 11% Yield With This Bitcoin-Focused ETF,This ETF converts the high volatility of Bitcoin into above-average monthly income.,"This ETF converts the high volatility of Bitcoin into above-average monthly income.
One of the common criticisms skeptics have about Bitcoin (CRYPTO:BTC) is that it doesn’t produce any cash flow. Well, jokes on them—because thanks to covered call Bit... [2569 chars]",https://www.fool.ca/2025/01/17/earn-an-11-yield-with-this-bitcoin-focused-etf/,The Motley Fool Canada,0.6996119
2025-01-17,"Gang handed £5,000 to people in street in £20m Bitcoin scheme",The international crime gang would buy people in the pub cars after making millions,"Gang handed £5,000 to people in street in £20m Bitcoin scheme
The international crime gang would buy people in the pub cars after making millions
Stephen Boys, 59, of Clayton-le-Moors
An international crime gang found a glitch which meant they could ... [3268 chars]",https://www.liverpoolecho.co.uk/news/uk-world-news/gang-handed-5000-people-street-30809440,Liverpool Echo,-0.004866779
2025-01-17,The man making billions from the wildest bitcoin bet,MicroStrategy’s Michael Saylor is buying as much of the cryptocurrency as he can. Some big-name investors are going along for the ride.,"Michael Saylor’s company doesn’t market any hot products or services. What he and MicroStrategy do is sell new shares and debt, at a pace rarely seen in corporate history. Saylor plows all that money into bitcoin, vowing to keep doing it, over and ov... [10330 chars]",https://www.livemint.com/market/cryptocurrency/the-man-making-billions-from-the-wildest-bitcoin-bet-11737194109050.html,Livemint,0.22876585
2025-01-16,Trump and bitcoin: BlackRock predicts another historic year for crypto,BlackRock ETF investment chief Samara Cohen thinks President-elect Donald Trump will push crypto-friendly policies.,"Bitcoin should rip higher under President-elect Donald Trump, according to BlackRock's ETF chief.
Samara Cohen, the firm's ETF and index instruments chief investment officer, thinks cryptocurrency deregulation will ""absolutely"" propel bitcoin to anot... [1205 chars]",https://www.cnbc.com/2025/01/16/trump-and-bitcoin-blackrock-predicts-another-historic-year-for-crypto.html,CNBC,0.61718863
2025-01-16,Coinbase Is Offering Loans Against Your Bitcoin. Should You Get One?,"If you're a Coinbase user, you may be able to use the bitcoin you own as collateral to get a loan thanks to a new service launched Thursday. But the offering has its risks.","CFOTO / Future Publishing / Getty Images
Key Takeaways
Coinbase users can now pledge their bitcoin as collateral to take out a loan worth $100,000 in USDC stablecoins after a new service was launched Thursday.
These loans can be made via the Coinbase... [4220 chars]",https://finance.yahoo.com/news/coinbase-offering-loans-against-bitcoin-200626286.html,Yahoo Finance,-0.5719701
2025-01-15,"Why Bitcoin, Ethereum, and Dogecoin just surged","Today's CPI report turns out to mean a great deal to investors in crypto assets like Bitcoin, Ethereum, and Dogecoin.","You’re reading a free article with opinions that may differ from The Motley Fool’s Premium Investing Services. Become a Motley Fool member today to get instant access to our top analyst recommendations, in-depth research, investing resources , and mo... [3426 chars]",https://www.fool.com.au/2025/01/16/why-bitcoin-ethereum-and-dogecoin-just-surged-usfeed/,Motley Fool Australia,0.66375905
2025-01-15,Bitcoin rebounds as inflation rises 2.9% in December,"Mumbai: Bitcoin rebounded strongly on Wednesday to touch 98800, up 2 per cent after the US Labour Department released the Consumer Price Index (CPI) data for December. Traders said that the outlook...","Mumbai: Bitcoin rebounded strongly on Wednesday to touch 98800, up 2 per cent after the US Labour Department released the Consumer Price Index (CPI) data for December. Traders said that the outlook for the crypto asset remains bullish supported by fa... [2457 chars]",https://www.deccanchronicle.com/business/latest/bitcoin-rebounds-as-inflation-rises-29-in-december-1854355,Deccan Chronicle,0.2779895
2025-01-14,Alberta site powers Gryphon’s ambitious leap into AI and Bitcoin’s future,Gryphon Digital Mining transforms energy assets into power hubs for AI and Bitcoin mining innovation.,"Gryphon Digital Mining is charting a transformative path by blending traditional energy solutions with advanced AI capabilities.
In a recent conversation, Roundtable anchor, Rob Nelson, and Steve Gutterman, CEO of Gryphon Digital Mining, explored the... [2627 chars]",https://finance.yahoo.com/news/alberta-powers-gryphon-ambitious-leap-235728880.html,Yahoo Finance,0.6055828
2025-01-14,"Will Bitcoin break $250,000 by 2025?",Bitcoin's unpredictable path continues as experts predict significant growth tempered by inherent market volatility.,"As bitcoin continues to oscillate within a seemingly stable yet dynamic range, industry experts weigh in on what lies ahead for the world’s largest cryptocurrency.
Roundtable anchor, Rob Nelson, was joined by Lee Bratcher, President of the Texas Bloc... [1850 chars]",https://finance.yahoo.com/news/bitcoin-break-250-000-2025-205708755.html,Yahoo Finance,0.1999324
2025-01-13,Bitcoin hits two-month low amid Fed rate cut concerns,"The world's top cryptocurrency plummeted below $90,000 on Monday.","On Monday, the price of bitcoin slid below $90,000, representing the lowest level in two months for the world’s top cryptocurrency. The drop was driven by concerns that the Federal Reserve might delay interest rate cuts and broader macroeconomic fact... [1722 chars]",https://finance.yahoo.com/news/bitcoin-hits-two-month-low-221238779.html,Yahoo Finance,-0.20523904
2025-01-13,New Bitcoin accounting rules spark a corporate crypto gold rush,"Shifting regulatory frameworks inspire businesses to consider bitcoin reserves, potentially igniting mainstream acceptance and innovation.","As bitcoin continues to mature, its role in corporate and national finance is becoming increasingly significant.
Host of The Wolf of All Streets podcast, Scott Melker, joined Frank Holmes, Executive Chairman of Hive Digital Technologies, to explore t... [2181 chars]",https://finance.yahoo.com/news/bitcoin-accounting-rules-spark-corporate-212157998.html,Yahoo Finance,0.28336543
2025-01-12,Turn your iPhone into a Gameboy with this case,Bitcoin Lab just announced and showed off their new Gamebaby case for iPhone. This case brings physical buttons to use with Delta!,"For anyone who grew up with a Gameboy Color in hand and a love for Pokémon, the Gamebaby case brings all that nostalgia right to your iPhone. As someone who still gets excited about retro gaming, this new accessory is a game-changer (literally). With... [2569 chars]",https://9to5mac.com/2025/01/12/turn-your-iphone-into-retro-console-with-physical-buttons-with-this-case/,9to5Mac,0.3466974
2025-01-12,"Jamie Dimon on the economy, billionaires, and income inequality",The chairman and CEO of JPMorgan Chase explains why he's referred to cryptocurrencies like Bitcoin as a Ponzi scheme; his bank's efforts to improve the lives of lower-income Americans; and his recent near-death experience.,"Jamie Dimon, Chairman and CEO of JPMorgan Chase, says he was not surprised that Donald Trump won the election: ""People were angry at whatever they called the state – the 'swamp.' Ineffective government. That people wanted kind of more pro-growth and ... [8245 chars]",https://www.cbsnews.com/news/jamie-dimon-on-the-economy-billionaires-and-income-inequality/,CBS News,-0.19064075
2025-01-11,Bitcoin soared in 2024. How much - if any - should you own?,Bitcoin prices soared in 2024.,"Bitcoin prices soared in 2024. But you may want to tread with caution before euphoria leads you on a hasty buying spree.
Bitcoin and other crypto should generally account for just a sliver of investor portfolios — generally no more than 5% — due to i... [5415 chars]",https://www.nbcnews.com/business/personal-finance/how-much-bitcoin-to-own-rcna187272,NBC News,0.086912826
2025-01-11,"World News Today Live Updates on January 12, 2025 : Man's Bitcoin treasure worth £598 million lost in landfill-Court rejects his bid to recover it","World News Today Live Updates on January 12, 2025: Stay informed on global events with our in-depth world news coverage, bringing you the latest developments across politics, economy, and culture. Discover insights into international affairs, breaking news, and the trends shaping our interconnected world, all in one place.","LIVE UPDATES
World News Today Live Updates on January 12, 2025 : Man's Bitcoin treasure worth £598 million lost in landfill—Court rejects his bid to recover it
1 min read . Updated: 12 Jan 2025, 12:13 AM IST
World News Today Live Updates on January 1... [282 chars]",https://www.livemint.com/news/world/latest-world-news-on-january-12-2025-live-updates-11736621003598.html,Livemint,-0.48807868
2025-01-10,How Spot Bitcoin ETFs Changed Crypto Investing In the Year Since Launch,"Spot bitcoin ETFs began trading a year ago, opening up the crypto market to a wider range of investors and paving the way for more such products.","Investopedia / Photo Illustration by Alice Morgan / Getty Images
Key Takeaways
Spot bitcoin ETFs, which launched a year ago, made it easier for investors to gain exposure to the cryptocurrency.
Investors poured billions into bitcoin ETFs, which helpe... [3803 chars]",https://finance.yahoo.com/news/spot-bitcoin-etfs-changed-crypto-231240968.html,Yahoo Finance,0.120982155
2025-01-10,Judge ends man’s 11-year quest to dig up landfill and recover $765M in bitcoin,"Hard drive that could provide access to 8,000 bitcoins is buried at the dump.","A British judge ruled against a man who wants to excavate a landfill where he says a hard drive with access to thousands of bitcoins was mistakenly dumped over 11 years ago.
Since 2013, James Howells has been hoping to recover a laptop hard drive tha... [1994 chars]",https://arstechnica.com/tech-policy/2025/01/judge-ends-mans-11-year-quest-to-dig-up-landfill-and-recover-765m-in-bitcoin/,Ars Technica,-0.18251766
2025-01-09,US selling 69K seized bitcoins could mess with Trump plans for crypto reserve,US could get about $6.4 billion from the sale at bitcoin’s current price.,"At the end of 2024, a US court authorized the Department of Justice to sell 69,370 bitcoins from ""the largest cryptocurrency seizure in history.""
At bitcoin's current price, just under $92,000, these bitcoins are worth nearly $6.4 billion, and crypto... [1571 chars]",https://arstechnica.com/tech-policy/2025/01/us-selling-69k-seized-bitcoins-could-mess-with-trump-plans-for-crypto-reserve/,Ars Technica,-0.38859984
2025-01-09,"Adobe’s Generative AI Jumps The Shark, Adds Bitcoin to Bird Photo",Adobe Generative Remove's choice to add a Bitcoin to a bird photo is a perfect distillation of the problems in Lightroom and Photoshop.,"Last year, Adobe updated its Firefly generative AI platform multiple times, the most recent coming in September. Over that time, the Lightroom and Photoshop tools that rely on the technology have gotten steadily worse and the system’s choice to add a... [5130 chars]",https://petapixel.com/2025/01/09/adobes-generative-ai-jumps-the-shark-adds-bitcoin-to-bird-photo/,PetaPixel,0.19534205
2025-01-08,Bitcoin ETF Soared in 2024 as Growth Themes Dominated,"Crypto- and technology-focused funds led performance as U.S. ETF assets reached record levels, with active management gaining ground, according to CFRA data.","Bitcoin ETF Soars 109% as Growth Themes Dominate 2024
U.S. exchange-traded funds crossed a major milestone in 2024, with assets climbing 28% to $10.36 trillion, driven by market appreciation and $1.12 trillion in net inflows, according to a new repor... [2457 chars]",https://finance.yahoo.com/news/bitcoin-etf-soared-2024-growth-220949315.html,Yahoo Finance,0.36734837
2025-01-08,Bitcoin is 'a better version of gold' in a crisis,Billionaire investor Mark Cuban says bitcoin can function as a store of value and a currency in case of economic turmoil. It even has some advantages over gold.,"Mark Cuban of the Dallas Mavericks looks on before the game against the Minnesota Timberwolves during Game 2 of the Western Conference Finals of the 2024 NBA Playoffs on February 24, 2024 at Target Center in Minneapolis, Minnesota.
Though bitcoin is ... [1914 chars]",https://www.cnbc.com/2025/01/08/mark-cuban-bitcoin-is-a-better-version-of-gold-in-a-crisis.html,CNBC,-0.22907181
2025-01-07,Bitcoin Drags Crypto Lower on Strong U.S. Economic Data,"The irony of the crypto market is how much it falls when the economy is doing well. On Tuesday, a couple of important economic readings came in better than expected, and Bitcoin (CRYPTO: BTC) and other cryptocurrencies dropped on the news. As of 4:30 p.m. ET, Bitcoin was down 4.9% in the past 24 hours, Ethereum (CRYPTO: ETH) was off 7.4%, and Dogecoin (CRYPTO: DOGE) was down 8.9%.","The irony of the crypto market is how much it falls when the economy is doing well. On Tuesday, a couple of important economic readings came in better than expected, and Bitcoin (CRYPTO: BTC) and other cryptocurrencies dropped on the news.
As of 4:30... [3901 chars]",https://finance.yahoo.com/news/bitcoin-drags-crypto-lower-strong-233653581.html,Yahoo Finance,-0.20035174
2025-01-07,"ASX 200 LIVE: Australian shares rose after core CPI inflation slowed. Commonwealth Bank, NAB and the big banks rallied. Avita Medical shares top 20 per cent. The Australian dollar slipped.","ASX closes 0.8 per cent higher as core inflation cools. Banks and miners rally, lifting index. CBA tops 1pc. Avita Medical plunges. Bitcoin rally short-lived.","Pinned post – 4.38PM – Jan 8, 2025
The sharemarket staged a turnaround on Wednesday as core monthly inflation cooled, buoying expectations that the Reserve Bank of Australia could cut interest rates as soon as next month.
The S & P/ASX 200 closed 0.8... [2788 chars]",https://www.afr.com/markets/equity-markets/asx-to-open-flat-wall-st-hit-by-selling-wave-20250108-p5l2q4,The Australian Financial Review,0.4066319
2025-01-06,Australian shares rise on Thursday.,"Australian shares rose for a fourth consecutive session. Bitcoin tops $US102,000. Follow updates here.","Pinned post – 10.40AM
Australian shares rose for a fourth consecutive session on Tuesday, boosted by consumer discretionary stocks as traders bet on improved consumer sentiment in the new year.
The S & P/ASX 200 index opened 0.3 per cent higher, up 2... [2206 chars]",https://www.afr.com/markets/equity-markets/asx-rises-as-us-equities-snap-losing-streak-insignia-retreats-20250107-p5l2gl,The Australian Financial Review,0.29222417
2025-01-06,"Australian shares rose on Thursday. Technology leads index higher while Fortescue falls. 4DMedical soars. Bitcoin tops $US101,000.","Australian share close higher as tech rallies.4DMedical leaps 15pc. IDP shares soar. Iron ore gloom weighs on Fortescue. Bitcoin tops $101,000.","Pinned post – 4.33PM – Jan 7, 2025
Australian shares closed marginally higher on Tuesday amid mixed sentiment from stock-pickers, as a rally in technology shares was tempered by losses from miners and utilities.
The S & P/ASX 200 Index closed 27.7 po... [2824 chars]",https://www.afr.com/markets/equity-markets/tech-rally-lifts-asx-but-utilities-miners-weigh-fortescue-slumps-20250107-p5l2gl,The Australian Financial Review,0.7730699
2025-01-05,This pixel light grid can show you the weather (and the price of Bitcoin),"Govee is releasing a new pixel light grid that can display weather updates, Bitcoin price changes, and NBA scores as well as custom images and GIFs.","Govee is launching a new pixel light grid that can display art, animations, and live data. The Gaming Pixel Light lets you upload your own images and GIFs to display or choose from 150 different data sources, letting it provide live updates on the we... [1075 chars]",https://www.theverge.com/2025/1/5/24329784/govee-gaming-pixel-light-table-lamp-2-pro-ces-2025,The Verge,0.13025793
2025-01-05,🌏 CES = AI,Plus: Bitcoin just turned 16 years old.,"Good morning, Quartz readers!
HERE’S WHAT YOU NEED TO KNOW
Chipmakers are rushing to get Chips Act money before Biden’s out. Intel and TSMC are among the firms that recently finalized billions in funding through the law.
Investors to AI firms: ‘Show ... [3827 chars]",https://qz.com/emails/daily-brief/1851732537/daily-brief-ces-ai-bitcoin-turns-16,Quartz India,0.13027294
